"","score","text"
"1",3,"#dogging,#gangbang,#horny,#stockings,#sluts,#sexual,#car sex: Three Super Hot Babes Enjoy Playing... http://t.co/7WqoswZDJh #Lesbian"
"2",-1,"RT @CityPoliceIFED: Anyone selling fake #car #insurance can be reported confidentially through @TheIFB’s Cheatline, powered by @Crimestoppe…"
"3",1,"News: Brave Os #car Knox passes away #uk #news"
"4",0,"US: California invests in hydrogen fuel stations: In America, one particular state is the... http://t.co/zlea5uXfdZ #Cars #Car #Auto"
"5",1,"Iso Rivolta GT No. 003 Is Now In Hungary: by Mike - There are many classic car lovers in Hungary... http://t.co/L7eJYWYQGw #Cars #Car #Auto"
"6",1,"Come &amp; get the best #car accessories from us! #zunsportgrilles give your #car a whole new look  Purchase direct from us - Click, RT/Follow"
"7",0,"#Business #Car Mitsubishi Outlander PHEV review: plug-in hybrid SUV for the price of the diesel http://t.co/WE1riBszF4"
"8",2,"#Diesel #Fleet #Car Evander Glazing &amp; Locks scoops RoSPA gold award http://t.co/BiqsLxil83"
"9",-2,"RT @mashanubian: #ICC team in #CAR on 1st mission to probe crimes committed since bloodshed broke out in 2012."
"10",0,"#Geneva briefing starting now.Topics:#Nigeria,#SouthSudan,#Syria,education in #CAR,global status rpt on alcohol&amp;health 2014 . v @UNGeneva"
"11",1,"#CAR: Amazing interactive story by @azadessa, @furcoisorin and @konstantinosant “The war across the river”  #CARCrisis Via @AJEnglish"
"12",-1,"#dogging,#gangbang,#horny,#stockings,#sluts,#sexual,#car sex: Lovely #Shemale Gets Fucked Hard http://t.co/2sVcmfHXb8"
"13",0,"RT @TVP_Aylesbury: Opportunist #thieves will try #car doors,to see if they are unlocked &amp; can then easily take any valuables that have been…"
"14",0,"RT @UNGeneva: #Geneva briefing starting now. Topics: #Nigeria, #SouthSudan, #Syria, education in #CAR, global status report on alcohol and …"
"15",-2,"RT @mashanubian: #ICC team in #CAR on 1st mission to probe crimes committed since bloodshed broke out in 2012."
"16",1,"G35 Body Kits - Shine your #car look this season with our #bodykit. http://t.co/9NPT9wBJLW"
"17",3,"#ff @Jamball_UK 4 or 2 wheels, it doesn’t matter as long as it’s fast and exciting. Great #car banter so go follow "
"18",1,"RT @kustomizekingz: Repaint on a Mitsubishi Evo stunning blue pearl #carpaint #car http://t.co/D714DK0bLJ"
"19",0,"#blue #car #picture #realracing3 #Racing  http://t.co/2xfz8i6HTK"
"20",1,"Coolest 3-wheeled van ever. #Jetsons @theretronaut: 1961: #Ford #Gyron #Concept #Car (http://t.co/n7estbLjH5) http://t.co/NbRMKAMHbp"""
"21",-1,"What horrible fate has befallen these Aston Martin DB9s? : The ultimate moving miscue: We're not... http://t.co/0cLTZdDgum #Cars #Car #Auto"
"22",-2,"RT @mashanubian: #ICC team in #CAR on 1st mission to probe crimes committed since bloodshed broke out in 2012."
"23",0,"RT @UNGeneva: #Geneva briefing starting now. Topics: #Nigeria, #SouthSudan, #Syria, education in #CAR, global status report on alcohol and …"
"24",0,"Olushambles &amp; Kibarkingmad (J. Akuwudike &amp; @Ali_Star) war of words directed @UN
 
http://t.co/hni8i7fcwi

#voiceover #comedy #Africa #CAR"
"25",0,"#dogging,#gangbang,#horny,#stockings,#sluts,#sexual,#car sex: Peppering Daiya Nagare Gets Her Face... http://t.co/wWqZQjgVSu #Creampie"
"26",-1,"RT @ahsan_jehangir: “@bouckap: Satellite Images Reveal Systematic Destruction of Muslim Neighborhoods in #CAR http://t.co/uY0e6SParL @hrw #…"
"27",1,"Dacia Reaches 5 Million Cars Produced in Romania: Romanian carmaker Dacia celebrated the 5... http://t.co/PkpFq4UHUo #Cars #Car #Auto"
"28",0,"RT @elsekramer: RT @theretronaut: 1961: #Ford #Gyron #Concept #Car (http://t.co/HldKwaCB3Y) http://t.co/1O7WiEgspM"
"29",-1,"RT @AmbassadorPower: Honored to speak to @WomenforWomen on critical issues impacting women today—from #CAR to kidnapped girls in #Nigeria. …"
"30",2,"RT @IDMC_Geneva: Just discovered: 'work for peace' scheme in #CAR. Could it help? Via @IRINNews #CARCrisis  http://t.co/9EU16b4woN"
"31",0,"RT @theretronaut: 1961: #Ford #Gyron #Concept #Car (http://t.co/HldKwaCB3Y) http://t.co/1O7WiEgspM"
"32",0,"RT @TVP_Aylesbury: Opportunist #thieves will try #car doors,to see if they are unlocked &amp; can then easily take any valuables that have been…"
"33",1,"#Sex on the #hood of a #car is the best Memoirs of a Succubus #paranormalromance #urbanfantasy  http://t.co/YZLK0PP5nQ"
"34",-2,"RT @mashanubian: #ICC team in #CAR on 1st mission to probe crimes committed since bloodshed broke out in 2012."
"35",2,"Just discovered: 'work for peace' scheme in #CAR. Could it help? Via @IRINNews #CARCrisis  http://t.co/dnToyyz8Ys"
"36",2,"Just discovered: 'work for peace' scheme in #CAR. Could it help? Via @IRINNews #CARCrisis  http://t.co/9EU16b4woN"
"37",-2,"#ICC team in #CAR on 1st mission to probe crimes committed since bloodshed broke out in 2012."
"38",0,"Aston Martin : Vanquish 2+2 AML Special Ivory Red Calipers Twill Carbon Fiber One-77 Wheel 2+2 Quilting 20 http://t.co/fhyRRcgWy2 #car ..."
"39",-1,"RT @bouckap: Satellite Images Reveal Systematic Destruction of Muslim Neighborhoods in #CAR http://t.co/0CsMkZXUsg @hrw #CARcrisis"
"40",0,"#dogging,#gangbang,#horny,#stockings,#sluts,#sexual,#car sex: Soaking Bushy Vagina Of AYA Gets... http://t.co/iQdaWGxC5O #Japanese"
"41",0,"RT @UNGeneva: #Geneva briefing starting now. Topics: #Nigeria, #SouthSudan, #Syria, education in #CAR, global status report on alcohol and …"
"42",0,"It's FRIDAY!!!
#health #fitness #fit  #fitnessaddict #fitspo #workout #bodybuilding #car... http://t.co/OvP2gpSaSq http://t.co/Be40TAZX6A"
"43",-1,"RT @bouckap: Satellite Images Reveal Systematic Destruction of Muslim Neighborhoods in #CAR http://t.co/0CsMkZXUsg @hrw #CARcrisis"
"44",1,"Repaint on a Mitsubishi Evo stunning blue pearl #carpaint #car http://t.co/D714DK0bLJ"
"45",0,"RT @UNGeneva: #Geneva briefing starting now. Topics: #Nigeria, #SouthSudan, #Syria, education in #CAR, global status report on alcohol and …"
"46",0,"So true - people kick themselves. MT @TVP_Aylesbury @ThamesVP Opportunist #thieves will try #car doors, to see if they are unlocked..."
"47",0,"RT @TVP_Aylesbury: Opportunist #thieves will try #car doors,to see if they are unlocked &amp; can then easily take any valuables that have been…"
"48",0,"Russia – Privately built Lada Kalina Cross showcased: An exclusive Lada Kalina Cross has made... http://t.co/WkdiEn3BkO #Cars #Car #Auto"
"49",0,"RT @TVP_Aylesbury: Opportunist #thieves will try #car doors,to see if they are unlocked &amp; can then easily take any valuables that have been…"
"50",0,"""@UNGeneva: #Geneva briefing starting now. #Nigeria, #SouthSudan, #Syria, education in #CAR, global status report on alcohol n health 2014"
"51",-1,"A Country Is On The Brink Of Genocide And Very Few Know About It http://t.co/aDBRPObrXF #CAR"
"52",0,"#SPIDERMAN #VS #SIMPSON #PHOTO #IPHONE #ARTISTE #SETVIPS #ART #TOULOUSE #ANDROIPHONE http://t.co/wVLomvJhGd #IN #CAR http://t.co/jh26wFiI78"
"53",0,"Read our blog... Who should buy the #car you or your #business http://t.co/gOYRd7nRXm http://t.co/v4XXRAQsUS #BUSINESS"
"54",0,"#Fiat #Punto successor 500 Plus is expected to launch in India in 2017. #car #news #CarExpertsIndia"
"55",-1,"RT @bouckap: Satellite Images Reveal Systematic Destruction of Muslim Neighborhoods in #CAR http://t.co/0CsMkZXUsg @hrw #CARcrisis"
"56",0,"Planning for future #Car repairs: http://t.co/tGDvuVToMp http://t.co/KLZi876zfL"
"57",2,"Love these two! #pout #pose #niece #nephew #summer #car #selfie #best #kids #love #them  http://t.co/8uTzwvPe3d"
"58",-2,"Fiat 500 in a funny sicilian style :D

#sicily #car #typical #funny #art #streetart http://t.co/VBJM7qto2H"
"59",2,"Happy Friday everyone, we hope you've had a great short week. Planning a spot of #car shopping this weekend? Send us a tweet today!"
"60",0,"At http://t.co/OsrUrcJLNe -- #koenigsegg #agera #b2o #booba #postbadcars #car http://t.co/on3KWYIbx9"
"61",0,"#instagram #instamood #instagood #selfie #night #car #light #kerem http://t.co/FC8aiYw9dI"
"62",0,"RT @TVP_Aylesbury: Opportunist #thieves will try #car doors,to see if they are unlocked &amp; can then easily take any valuables that have been…"
"63",0,"#Geneva briefing starting now. Topics: #Nigeria, #SouthSudan, #Syria, education in #CAR, global status report on alcohol and health 2014 ."
"64",0,"RT @TVP_Aylesbury: Opportunist #thieves will try #car doors,to see if they are unlocked &amp; can then easily take any valuables that have been…"
"65",-1,"#dogging,#gangbang,#horny,#stockings,#sluts,#sexual,#car sex: Lewd Mother-in-law Takes His Cock http://t.co/JiMfzUPhrv #OldYoung"
"66",0,"Opportunist #thieves will try #car doors,to see if they are unlocked &amp; can then easily take any valuables that have been left inside."
"67",0,"#Green Tip: #Fasten your #seat #belt before you start the #car."
"68",2,"RT @TampaRCRacer: #rc #car #photo #slammed #drifter #like #follow #proper #tampa http://t.co/hG280m54xl"
"69",0,"#SPIDERMAN #IN #MY #CAR #PHOTO #IPHONE #ARTISTE #SETVIPS  #ANDROIPHONE http://t.co/TtmIq12phu #art #TOULOUSE #TLSE http://t.co/n2HnTmwm5v"
"70",1,"How to Protect Your #Car with an #Iphone http://t.co/VeqnA8TtN7"
"71",-1,"RT @bouckap: Satellite Images Reveal Systematic Destruction of Muslim Neighborhoods in #CAR http://t.co/0CsMkZXUsg @hrw #CARcrisis"
"72",1,"#mi #sueño #BMW #X1 #BMWx1 #white #love #this #car #thebest http://t.co/JogoQ7RZMv"
"73",2,"http://t.co/a0nrN6Wuv3 #wakeup #strong #watch #car #motorbike #dreams #money #rich #dollar"
"74",-1,"RT @bouckap: Satellite Images Reveal Systematic Destruction of Muslim Neighborhoods in #CAR http://t.co/0CsMkZXUsg @hrw #CARcrisis"
"75",-1,"RT @bouckap: Satellite Images Reveal Systematic Destruction of Muslim Neighborhoods in #CAR http://t.co/0CsMkZXUsg @hrw #CARcrisis"
"76",0,"Buick Considers Porsche Panamera Rivaling Flagship [Photo Gallery]: Since he took over the... http://t.co/LWZ0Eyv5CE #Cars #Car #Auto"
"77",0,"Used #Car for sale : Lexus 430 SC 2002 model http://t.co/2p7D69ptf5"
"78",-2,"Killer Ducati Monster Aftermarket Exhausts by Paolo Tesio: It’s time for one more exhilarating... http://t.co/N1ydcciCGn #Cars #Car #Auto"
"79",1,"#mcclearn #wimbledon #car #london #love #2014 #nofilter http://t.co/YWy9XAvwM2"
"80",0,"Research and get your next #car online guaranteed low pricing all makes and models http://t.co/3cRrwq3MPd"
"81",0,"#dogging,#gangbang,#horny,#stockings,#sluts,#sexual,#car sex: Guy Fucks Her Girlfriends Pussy... http://t.co/0mNPHxyech #Masturbation"
"82",1,"Empty car parks are pretty #car #park #carpark #empty #parking @ Gullivers Retail Park http://t.co/GmLFVAZwfd"
"83",-1,"RT @bouckap: Satellite Images Reveal Systematic Destruction of Muslim Neighborhoods in #CAR http://t.co/0CsMkZXUsg @hrw #CARcrisis"
"84",0,"#USED #CAR 
http://t.co/YcT7H6CHbc
http://t.co/EWqoaDMkPy
http://t.co/xlDJr7nMJT"
"85",0,"Understanding the #Signs in Your #Car #Car #Signs http://t.co/9IWAxy09Sa"
"86",0,"Take a closer look at this VW Beetle - it's made out of wood!  http://t.co/bIcz6pg2Sj #Car #Driving http://t.co/BOTqtgbsbU"
"87",-1,"“@bouckap: Satellite Images Reveal Systematic Destruction of Muslim Neighborhoods in #CAR http://t.co/uY0e6SParL @hrw #CARcrisis”"
"88",-1,"RT @bouckap: Satellite Images Reveal Systematic Destruction of Muslim Neighborhoods in #CAR http://t.co/0CsMkZXUsg @hrw #CARcrisis"
"89",-1,"RT @bouckap: Satellite Images Reveal Systematic Destruction of Muslim Neighborhoods in #CAR http://t.co/0CsMkZXUsg @hrw #CARcrisis"
"90",1,"Are you looking for a perfect #car to buy? Check out @belvuecars special #offers. http://t.co/5aNdAgzYDF http://t.co/oQVzWWaWJd"
"91",0,"#selfie #bored #car #friday #work #hashtags http://t.co/XlYDXkRVqW"
"92",0,"RT @Audi_Online: Return of an iconic #car: the new #Audi #TTS. http://t.co/Pin7fWZq31"
"93",1,"Good luck Fox! Don't let me down and fail... I need you back in my life ASAP #MOT #car"
"94",0,"Tesla facing another US state challenge on sales practice: The California based electric... http://t.co/GeH3YPLJH7 #Cars #Car #Auto"
"95",0,"China’s April sales grow by 13%: According to a local industry group, last month’s China... http://t.co/qAuBmafCeN #Cars #Car #Auto"
"96",0,"#usedautoparts #newautoparts #automotive #car #thanks #motorcycle #import #tuner much more http://t.co/K86L2w9ELM."
"97",2,"Beautiful in whitr ⚡️ #love #white #car @ Solo Paragon http://t.co/kKEtAKRkLJ"
"98",0,"#car #algarve #bomdia #cap #goodbye #lisboa by ivangoncalo http://t.co/dMo4yQcMZ1"
"99",0,"Ford : Mustang Base Coupe 2-Door 1998 ford mustang base coupe 2 door 3.8 l http://t.co/9tQxd4mtPZ #car #usedcars #carsale"
"100",0,"RT @Kadgo_News: #Jaguar #Cars #LuxuryCars The F-TYPE R Coupé, unleashed for 90 seconds - Jaguar Cars #LuxuryCar #Motors #Car http://t.co/oV…"
"101",1,"RT @CarInsuranceBee: Want to buy new car insurance? Read whats your best choice at: http://t.co/V9Z7ANndRq #Car #CarInsurance #Insurance"
"102",0,"RT @HINofficial: #hinnation #hinmagz #hotimportnights #hinmagazine #hin2014 #feature #car #automotive #hinrides #hinsociety #hinra... http:…"
"103",0,"Should your next company #car be electrically powered? via @emtaxltd http://t.co/oW9pS1jmjN"
"104",1,"Chapagne Supernova in the sky. #Sky #Goodmorning #Oasis #Car http://t.co/2KXbcVsG3I"
"105",1,"Just purchased this for the car! So pretty! #car #accessories #taxdischolder #lacy http://t.co/ASsAckPyRG"
"106",2,"#rc #car #photo #slammed #drifter #like #follow #proper #tampa http://t.co/hG280m54xl"
"107",0,"#cars #car #ride #drive #TagsForLikes #driver #sportscar #vehicle #vehicles #street #road #freeway… http://t.co/mRzY4oqA7Z"
"108",1,"#smile #in #car #lopen #lopen #night #like4like #follow4follow http://t.co/8x4aq1zErT"
"109",2,"At http://t.co/OsrUrcJLNe -- #tesla #cars #car #ride #drive #TagsForLikes #driver #vehicle #soon #amazing #love... http://t.co/dT2NhRqbVc"
"110",1,"Cobra Cars in #littlehampton offer a great service in all things #car #garage #LhamptonGazette 01903 715771"
"111",0,"At http://t.co/OsrUrcJLNe -- my lovely courtesy car for a few days. #embarrassing #car #granny #fiat #potd #squ... http://t.co/dAL9Gtxw6F"
"112",0,"Ya know just chillin in the car... #CHILLIN #car #lesbian #gay #LGBT #equalityforall #NOH8 #fkh8 http://t.co/tJd53dyal5"
"113",1,"Want to buy new car insurance? Read whats your best choice at: http://t.co/V9Z7ANndRq #Car #CarInsurance #Insurance"
"114",0,"#nissan #my #new #car http://t.co/wcyHYyk0xP"
"115",0,"9MAY. Bayraminiz Mubarek. #car #worldwar2 #car #cars #hitler #victoryday #ayiqsurucu http://t.co/f5s8hhs1aL"
"116",0,"RT @RapidBoostAuto: There are approximately 3,600 new car dealers in Canada and just over 13,000 in total. #dealerships #car #carpeople"
"117",1,"Them #summer days  #sun #sea #drink #drunk #hot #sexy #fit #hustle #car #beard #friends #mates… http://t.co/y4UcYFkCL9"
"118",0,"Fiat Punto Replacement Will Be Called 500 Plus: For those of you who are interested in buying an... http://t.co/XM4hpGASkv #Cars #Car #Auto"
"119",0,"BMW M2 Coupe Spied Testing for the First Time [Photo Gallery]: OMG! We all turned into little... http://t.co/FCHGh36PBf #Cars #Car #Auto"
"120",1,"Dear UMW #Toyota, pls bring this #Camry to #malaysia. Thank you. #us #version #sedan #car http://t.co/ryb6LJRdeW"
"121",0,"RT @USEmbassySA: #CAR survivors endure squalid camp conditions in Chad - @irinnews reports on conditions http://t.co/xX8fIvIhLD via @sharet…"
"122",1,"This is why August cannot come quick enough!! #august #audi #a1 #highroller #lad #car http://t.co/r0JvGlHfe1"
"123",0,"Get #usedautoparts #newautoparts #automotive #car #follow #audio http://t.co/MGVnNudQuf #performance #motorcy"
"124",0,"RT @GroupeChronos: 10 #apps for getting around the city without you own #car : http://t.co/WaiilRWFMJ via @PasteMagazine"
"125",0,"10 #apps for getting around the city without you own #car : http://t.co/WaiilRWFMJ via @PasteMagazine"
"126",0,"Report – Audi India dealers await A3, ask for allocation to be doubled: The Audi A3 sedan might... http://t.co/i3ZF8DaHNP #Cars #Car #Auto"
"127",2,"Audi sees double-digit sales growth in April: The Volkswagen AG luxury brand managed to outshine... http://t.co/LsmnAanjk2 #Cars #Car #Auto"
"128",-1,"disturbing report from #CAR by Ed Caesar http://t.co/Uc0gZwrMgB (some pics 18+) via @BritishGQ"
"129",-1,"RT @DanielGould10: Car Shopping Doesn't Really Need To Be Miserable http://t.co/lzb2cwgUUt #car"
"130",0,"#cars #car #ride #drive #TagsForLikes #driver #sportscar #vehicle #vehicles #street #road #freeway… http://t.co/WmqP4WoKtf"
"131",0,"#CAR survivors endure squalid camp conditions in Chad - @irinnews reports on conditions http://t.co/xX8fIvIhLD via @sharethis"
"132",0,"Manufacturers have to up their in-car entertainment game: http://t.co/A50LHamRZw #Car #Entertainment"
"133",-1,"http://t.co/B8UMfSIHxm
#car, #carparts, #paint, #rust, #spray #wornoutparts http://t.co/yIRC9IoKLQ"
"134",0,"#car #article Something For The Weekend – May 2014 http://t.co/50TmuQaMlO"
"135",0,"Yesterday we managed to fit Billy in my boot  #car #boot #citroen #c1 #college #funny #flexible… http://t.co/uUGWlnfbxI"
"136",2,"How to get new #car #leads successfully: http://t.co/xzVoVwjmpP http://t.co/dTDe0g2OBW"
"137",-1,"Anyone selling fake #car #insurance can be reported confidentially through @TheIFB’s Cheatline, powered by @CrimestoppersUK, 0800 422 0421"
"138",3," #fashion #style #stylish #styles #TagsForLikes #me #love #cute #night #car #auto #photooftheday… http://t.co/IgohurWEB7"
"139",2,"Has the Carpet in your Car seen better days? We can repair vehicle flooring as well! http://t.co/xpIegsv3y4 #car #auto #vehicle"
"140",0,"BMW C evolution from the Assembly Line to the Streets of Berlin [Video]: From this month, Europe... http://t.co/MiyPMD894f #Cars #Car #Auto"
"141",0,"RT @Kadgo_News: #Jaguar #Cars #LuxuryCars The F-TYPE R Coupé, unleashed for 90 seconds - Jaguar Cars #LuxuryCar #Motors #Car http://t.co/oV…"
"142",0,"RT @Audi_Online: Return of an iconic #car: the new #Audi #TTS. http://t.co/Pin7fWZq31"
"143",0,"Mercedes-Benz : 500-Series 560 SL 1986 mercedes benz 560 sl with 70 k 1 owner time capsule http://t.co/p5RgoGfZxN #car #usedcars #carsale"
"144",2,"Toyota : Sienna CE Mini Passenger Van 5-Door Great car, relayble,great color -good for the family http://t.co/uwwfp1YzlI #car #usedcars..."
"145",0,"#hinnation #hinmagz #hotimportnights #hinmagazine #hin2014 #feature #car #automotive #hinrides #hinsociety #hinra... http://t.co/0vS3qxpAGZ"
"146",-1,"Number of #IDPs is decreasing in Bangui with 142 600, however  the situation in #CAR is still worsening http://t.co/X2Wzv47q3H"
"147",2,"#Wow stunning #Concep #car ..... http://t.co/opDpJmTlEc"
"148",0,"Pay my own bills! #car note #insurance #part on rent #n phone bill !!"
"149",-2,"'Bad feeling' in Spain over now - Hamilton: May 9 (GMM) Lewis Hamilton says the dark days of... http://t.co/Fdk3DkLqoI #Cars #Car #Auto"
"150",0,"Bottas to keep sitting out Friday sessions: May 9 (GMM) Valtteri Bottas will continue to sit out... http://t.co/uBmGklQPJ7 #Cars #Car #Auto"
"151",0,"RT @LAXEXPRESSTRVEL: Any #Car You Choose we Have it.
#lax #express #travel #your #vip #world #connection… http://t.co/NJKMwG51pS"
"152",0,"RT @LAXEXPRESSTRVEL: Any #Car You Choose we Have it.
#lax #express #travel #your #vip #world #connection… http://t.co/NJKMwG51pS"
"153",0,"RT @LAXEXPRESSTRVEL: Any #Car You Choose we Have it.
#lax #express #travel #your #vip #world #connection… http://t.co/NJKMwG51pS"
"154",0,"RT @LAXEXPRESSTRVEL: Any #Car You Choose we Have it.
#lax #express #travel #your #vip #world #connection… http://t.co/NJKMwG51pS"
"155",0,"#BMW #1802 https://t.co/keTN0dldIr #old #German #car #Colomiers #France #2013 #photo"
"156",1,"#goodmorning #friday #bluesky #sky #road #traffic #car #taxi #windhoek #namibia have an awesome… http://t.co/mA6VSbkOig"
"157",1,"#Car Purchase:
Indian man: How many can go in?
Malay man: How many installments? 
Chinese man: How many mile per gallon?
Such colorful world"
"158",-1,"Check http://t.co/RAzxJEjYNk -&gt; ICC in #CAR to probe 'unprecedented atrocities' #SouthAfrica http://t.co/wMWQNpuEDa"
"159",0,"9MAY. Bayraminiz Mubarek. #car #worldwar2 #car #cars #catchmycar #victoryday #ayiqsurucu http://t.co/OWvf8kZNO2"
"160",0,"RT @LAXEXPRESSTRVEL: Any #Car You Choose we Have it.
#lax #express #travel #your #vip #world #connection… http://t.co/NJKMwG51pS"
"161",0,"9MAY. Bayraminiz Mubarek. #car #worldwar2 #car #cars #ayiqsurucu #aztagram #victoryday http://t.co/Mu1y6yIx9j"
"162",1,"#dogging,#gangbang,#horny,#stockings,#sluts,#sexual,#car sex: Dominated By Babysitter http://t.co/j8Bhe2Cp6A #BDSM"
"163",0,"9MAY. Bayraminiz Mubarek. #car #worldwar2 #car #cars #hitler #victoryday #ayiqsurucu http://t.co/bPn7EdeZr3"
"164",0,"RT @CarInsuranceBee: Car Accident With No Insurance? Read what to do at: http://t.co/V9Z7ANndRq #Car #Insurance #CarInsurance"
"165",0,"RT @cubist6a: ♕http://t.co/Q66IErq9QB♕ #TOY #CAR
►http://t.co/AmMcTXUsXT◄
Lesney Matchbox toys - 1909 Opel Coupe Y-4
#cardiffbiz #kprs @UKB…"
"166",0,"♕http://t.co/Q66IErq9QB♕ #TOY #CAR
►http://t.co/AmMcTXUsXT◄
Lesney Matchbox toys - 1909 Opel Coupe Y-4
#cardiffbiz #kprs @UKBusinessRT"
"167",0,"RT @noteworthydevon: Looking forward to the #car #show #bude .@DevonSouthWest  .@SouthWestUK  #Devon_Hour http://t.co/OtHdV7fxS8"
"168",0,"RT @Wonderdog80: #parking space for rent in #birmingham  city centre. Secure, CCTV, no pillars to dent your doors! Please RT! #car #savemon…"
"169",0,"Looking forward to the #car #show #bude .@DevonSouthWest  .@SouthWestUK  #Devon_Hour http://t.co/OtHdV7fxS8"
"170",-1,"@gavinj1999 @GMB guy got killed in Pontypridd recently and lights were on red!#car just drove on :/"
"171",2,"#dogging,#gangbang,#horny,#stockings,#sluts,#sexual,#car sex: Amazing Hot Blondie Alexis Ford... http://t.co/M6Xu62vJJJ #Masturbation"
"172",-2,"#CAR needs US troops more than #Nigeria,#CAR is totally in turmoil with mass murder on-going.Is there any troop in there. Naija get Oil abi?"
"173",0,"RT @Wonderdog80: #parking space for rent in #birmingham  city centre. Secure, CCTV, no pillars to dent your doors! Please RT! #car #savemon…"
"174",0,"RT @agamesgeek: Car Toons! (Vehicles 3): Play it now: http://t.co/7cyKaG8kmS #car #puzzle #games #gamedev http://t.co/GUcf05YQ4O"
"175",0,"Marchionne says Fiat Chrysler headquarters located in London: Chief Executive Officer Sergio... http://t.co/FQq55aSNvL #Cars #Car #Auto"
"176",0,"Heavy Sutil tested 'no food' diet: May 9 (GMM) Adrian Sutil has revealed he trialled abstaining... http://t.co/GWTLmXk9EY #Cars #Car #Auto"
"177",0,"❌⭕️ #car #college #selfie #waiting http://t.co/buuIxAPSL9"
"178",0,"Used #Car for sale : 1989 Chevy Corvette Convertible http://t.co/eNXh1b4PK9"
"179",0,"#BringBackOurGirls  #Nigeria and #BringBackOurChildren abducted in #SouthSudan #CAR #DRC"
"180",2,"RT @LingenfelterLPE: Do we have any #Bentley fans? -Ryan C 

#lingenfelter #love #car #cars #carstagram #caroftheday… http://t.co/1l75YOZyTr"
"181",0,"Any #Car You Choose we Have it.
#lax #express #travel #your #vip #world #connection… http://t.co/NJKMwG51pS"
"182",5,"S K Y  #art #photo #sky #hand #like #follow #maksimpanadey #car #me #nice #cool #beauty #good… http://t.co/4ZDNOHUe7n"
"183",1,"RT @DentImpress: One Smart Hog! https://t.co/gsDs74IoXD … #smart #Harley #harleydavidson #hog #Vancouver #motorcycle #dents #car http://t.c…"
"184",0,"Scion : tC Spec Coupe 2-Door 2007 scion tc spec coupe 2 door 2.4 l 65 k miles http://t.co/dkCxFaGziS #car #usedcars #carsale"
"185",0,"#dogging,#gangbang,#horny,#stockings,#sluts,#sexual,#car sex: Short Haired Slut Tonca Gets Her Mature... http://t.co/OsiyjKuX8P #Granny"
"186",0,"Hello there #me #girl #czech #car #trip #okay #shopping #doyoulikeme #followme #tagsforlikes http://t.co/eTxWmvsOGC"
"187",0,"Tell me what your cars are and I'll tell you who u are #loveofmylife #escape2014 #ford #suvonly #car… http://t.co/SAc20WLGbY"
"188",0,"my new form of transport #new #car  http://t.co/NJsgOyJkkj"
"189",0,"Car Accident With No Insurance? Read what to do at: http://t.co/V9Z7ANndRq #Car #Insurance #CarInsurance"
"190",0,"#dogging,#gangbang,#horny,#stockings,#sluts,#sexual,#car sex: Old Wrestler Spies Upon Allie James... http://t.co/r9deVxoeJl #Voyeur"
"191",4,"#yay or nay? #beautiful #driver #car #beloved #soul #love #tb http://t.co/hxnbmnzj8U"
"192",1,"RT @CarInsuranceBee: For the best information about Car Insurance visit: http://t.co/V9Z7ANndRq #Car #Insurance #CarInsurance"
"193",-1,"#ronny #car #was #broken #because #accident http://t.co/aEqWGtKATZ"
"194",1,"Pirelli rally again #rallyday #pirelli #rally #kielderforest #northumberland #best #car #ever #mk2… http://t.co/yJjoh5Izdo"
"195",-1,"ABC renews 'Scandal,' 'Grey's Anatomy, 'Agents of S.H.I.E.L.D.' and more: ABC, the only network... http://t.co/7jaR9Ur90g #Cars #Car #Auto"
"196",0,"Two American Classics http://t.co/9QOSbITpke #Cars #Car #Auto"
"197",0,"RT @Wonderdog80: #parking space for rent in #birmingham  city centre. Secure, CCTV, no pillars to dent your doors! Please RT! #car #savemon…"
"198",-1,"#dogging,#gangbang,#horny,#stockings,#sluts,#sexual,#car sex: Busty Spoiled Blondie Holly... http://t.co/QVfUfd13af #TopPornStars"
"199",-2,"In an age when nothing is shocking, this is #shocking: Christian child militia's in #CAR (Central #African Republic) http://t.co/z8tWD45vD7"
"200",0,"At http://t.co/OsrUrcJLNe --  #fiat #old #vintage #car http://t.co/GRaCZZCCLl"
"201",0,"#war #and #world #car #street #city #town #tree #people #flag #soldiers #military #hits ... http://t.co/d3iOvsuvdl http://t.co/RW3FMhxBN8"
"202",-3,"When there's a funny noise in the car ✌️#car #funny #fun #Bored https://t.co/DVzaHMPG64"
"203",1,"#dogging,#gangbang,#horny,#stockings,#sluts,#sexual,#car sex: Titless #Asian Hooker With Nice Butt Can... http://t.co/vtbwWfrHjR"
"204",0,"#parking space for rent in #birmingham  city centre. Secure, CCTV, no pillars to dent your doors! Please RT! #car #savemoney"
"205",1,"For the best information about Car Insurance visit: http://t.co/V9Z7ANndRq #Car #Insurance #CarInsurance"
"206",0,"#roadsign: No-overtaking II http://t.co/n7lZH2xYa4 #Car #No-overtaking #Spain #Vehicle"
"207",1,"RT @DentImpress: One Smart Hog! https://t.co/gsDs74IoXD … #smart #Harley #harleydavidson #hog #Vancouver #motorcycle #dents #car http://t.c…"
"208",1,"RT @DentImpress: One Smart Hog! https://t.co/gsDs74IoXD … #smart #Harley #harleydavidson #hog #Vancouver #motorcycle #dents #car http://t.c…"
"209",1,"RT @DentImpress: One Smart Hog! https://t.co/gsDs74IoXD … #smart #Harley #harleydavidson #hog #Vancouver #motorcycle #dents #car http://t.c…"
"210",0,"Photo: #stuckintraffic #traffic #bored #car #hand #fuelband #nike #nice #pants #merloontheroad (at Kolkata,... http://t.co/fZbdO8DKqT"
"211",0,"Jeep : Other Base Sport Utility 2-Door 1971 jeep cj 5 base sport utility 2 door 2.2 l http://t.co/cLD8CP1oky #car #usedcars #carsale"
"212",0,"Porsche : 928 Base Coupe 2-Door 1979 porsche 928 base coupe 2 door 4.5 l no reserve http://t.co/veRV8skQzj #car #usedcars #carsale"
"213",-2,"#dogging,#gangbang,#horny,#stockings,#sluts,#sexual,#car sex: Blonde #Shemale Gets Her Cock Sucked On By A Stud http://t.co/ptIwfzT3Nl"
"214",0,"#throwback #car http://t.co/7ddTH15jOH"
"215",1,"work  #youngmodel #girl #crazy #player #picoftheday #tomorrowland #today #gorgeous #play #car… http://t.co/hb22zdjfv5"
"216",-1,"International Criminal Court (ICC) team arrived in #CAR to investigate crimes committed in the war-weary country.
http://t.co/NyzZgtzDWr"
"217",0,"RT @JamesMartinSJ: Exclusive @americamag Calls for ceasefire from Seleka/anti-balaka leaders in Central African Republic. #CAR #Seleka http…"
"218",-1,"#dogging,#gangbang,#horny,#stockings,#sluts,#sexual,#car sex: Insatiable Masseur Strokes Salty Body... http://t.co/rBnrKTfBIK #Massage"
"219",0,"Photo: This is how my mother spending time while waiting for our car #checking #car #toyota #home #mother... http://t.co/kzOj5fehEh"
"220",0,"#new #car"
"221",-1,"at http://t.co/WXfOyZeeWc -- The things I would do for this whip #sick #what #i #want #first #car #been #saving #for #years #child #hoo..."
"222",0,"I want to own one!!! Are Flying Cars Finally Becoming Reality? http://t.co/rl0MZJ3Lx4 #flying #car #future"
"223",1,"#dogging,#gangbang,#horny,#stockings,#sluts,#sexual,#car sex: Blonde Teen Loves Her Pink Dildo http://t.co/oSBgDPmew1 #Amateur"
"224",0,"#selfie #car #driving ##mateenrana #mateenranaphotography #picnic http://t.co/bM6lSfuOWK"
"225",1,"Happy Friday!! Here is your ride for the day #vintage #car http://t.co/xQUyFB4fUe"
"226",0,"Methold Vehicle Hire Woking #woking #guildford #hire #minibus #car #van 01483 224 837"
"227",0,"Eagle Low Drag GT, le speedster ultime #design #car #classic #thezworld http://t.co/mNR5huKMjF"
"228",0,"#BMW #LuxuryCars #Cars There are millions of BMW stories. What`s yours? - BMW #Motors #Car #LuxuryCar http://t.co/cVDCY4T3Qs"
"229",-3,"#dogging,#gangbang,#horny,#stockings,#sluts,#sexual,#car sex: Clown-face #Shemale Is Blowing Hard Dick Taking... http://t.co/BQ6YYNzYpJ"
"230",0,"#CAR survivors endure squalid camp conditions in #Chad | http://t.co/4nGgGK18PZ"
"231",1,"#Wedding #car  #cool @ Pico De Loro Sands Hotel http://t.co/WDLFqLw4bR"
"232",1,"Skoda Octavia 1.4TSI upgraded with GFB DV+. We are the authorized distributor of GFB products in Singapore! #car... http://t.co/cS9KkHlihe"
"233",0,"At http://t.co/OsrUrcJLNe -- #vscocam #me #car #500 #loveit #girl #michaelkors #watch #morning #today #rome #fi... http://t.co/XqKPUvmOAA"
"234",2,"#dogging,#gangbang,#horny,#stockings,#sluts,#sexual,#car sex: Sweet Looking Brunette Enjoys Two... http://t.co/8ufhjaS1AG #POV"
"235",0,"#Selfie at the #TreviFountain #Rome in #2007 at the end of the #Home2Rome #Car #Ralley #Omnigraph #VintageSelfie http://t.co/im0Jrqet3Z"
"236",0,"RT @RwandaInfoEng: #Peacekeeping Missions Lack Trust In Central African Republic 

http://t.co/XDc03eWQNq 

#CAR #France #Sangaris #Rwanda"
"237",0,"Photo: They couldn’t fix it so we fix it… #car #carking #carporn #nissan #r35 #gtr #singapore #mbmotors... http://t.co/mBgthNUygp"
"238",0,"Ford : F-150 XLT Extended Cab Pickup 2-Door 1993 ford f 150 xlt extended cab pickup 2 door 5.0 l http://t.co/YYYsEHhPbh #car #usedcars ..."
"239",-2,"Dodge : Viper SRT-10 Convertible 2-Door 2003 dodge viper srt 10 convertible 2 door 8.3 l http://t.co/2fCUVHXowI #car #usedcars #carsale"
"240",0,"Shelby : Shelby GLHS 1986 shelby dodge glhs omni http://t.co/ReYpuNMKuG #car #usedcars #carsale"
"241",0,"Jeep : CJ CJ7 1979 jeep cj 7 base sport utility 2 door 5.0 l http://t.co/hSjxffVSgA #car #usedcars #carsale"
"242",0,"Chevrolet : C-10 Chrome 1969 chevy pick up c 10 http://t.co/KCzTWvuZqE #car #usedcars #carsale"
"243",0,"Ford : Thunderbird 2 Door Rare 1955 Ford Thunderbird Convertible with Continental Kit http://t.co/fWkyiSZAxg #car #usedcars #carsale"
"244",0,"Dodge : Sprinter 2500 2007 dodge sprinter van 2500 mint rare gasoline version http://t.co/kPXYoK1NW6 #car #usedcars #carsale"
"245",0,"Cadillac : DTS Base Sedan 4-Door 2010 cadillac dts sedan 4 door 4.6 l http://t.co/O74skaiYlv #car #usedcars #carsale"
"246",1,"#aerodynamics #car #followback #follow Learning aerodynamics to improve the car! http://t.co/BJcWR6edqL"
"247",1,"RT @CarbonTrimCases: E63 AMG flying high. Customer photo by @nickygavs! #mercedes #e63 #amg #luxury #carbonfiber #carbontrimcases #car... h…"
"248",0,"#Selfie at the #Colusseum #Rome in #2007 at the end of the #Home2Rome #Car #Ralley #Omnigraph #VintageSelfie http://t.co/Ouyw2vPxMT"
"249",-2,"RT @LA23409: The African Union failed to put an end to the crisis in #Rwanda #CAR #CoteD'voire #SouthSudan #Mali instead foreign troops cam…"
"250",-1,"So sad that it has had to come to this http://t.co/ckHanlNPE2 #msf #car"
"251",0,"#dogging,#gangbang,#horny,#stockings,#sluts,#sexual,#car sex: Zuzinka Wanks In A Pool Until She Cums... http://t.co/UDjJGBHI8E #Amateur"
"252",0,"#iceland #horses #countryroad #westiceland #car #suv #driving http://t.co/KNhQCJAMFW"
"253",0,"We talk about the #dogecoin #nascar #car on the latest #eps26 of the media brothers #podcast. Clink… http://t.co/M2wFXRZwcg"
"254",0,"#Peacekeeping Missions Lack Trust In Central African Republic 

http://t.co/XDc03eWQNq 

#CAR #France #Sangaris #Rwanda"
"255",2,"Eye-catching savings on Tikes Patrol Police Car #TikesPatrolPoliceCar #Tikes #Patrol #Police #Car See deals now! http://t.co/H3sfKKAPMA"
"256",-1,"Africa is in turmoil action is required more than ever.Where is the focus where is the African Union in all this #CAR #Nigeria #SouthSudan"
"257",0,"Photo: But got my license. #dog #car #lifo http://t.co/cWmFheW8ka"
"258",1,"#dogging,#gangbang,#horny,#stockings,#sluts,#sexual,#car sex: Awesome Lesbian Sex Session With #Strapon... http://t.co/c7APou9aNZ"
"259",1,"#leasehire  #contracthire with #lease in #car #van find the #deal right #vanhire #carhire #carlease #carleasing #vansales"
"260",1,"RT @KGeorgievaEU: I'm proud to see this in Bangui today! #CAR http://t.co/eSANQ1Uw4s"
"261",1,"One of two absolutely beautiful things I saw today. #mercedes #mercedesSL #redcarsarewicked #car… http://t.co/jmJxWsjFYn"
"262",0,"RT @SRKaish: This &lt;3 @shahidkapoor #Rain #Car @geneliad ♥ http://t.co/LOBwne9Gwm"
"263",0,"RT @Audi_Online: Return of an iconic #car: the new #Audi #TTS. http://t.co/Pin7fWZq31"
"264",0,"At http://t.co/OsrUrcJLNe -- #fiat #blue #車 #フィアット #水色 #car http://t.co/lLRbjw6MEl"
"265",0,"Friday!!! #selfie #working #longhair #black #car http://t.co/L4QqcTgsco"
"266",2,"#Sudan’s #Bashir pledges support to #CAR efforts for peace - What a great gesture but why not exert more efforts on Darfur Conflict too???"
"267",1,"Me getting bored at #traffic :-( ♡ ♥ #car #father #dad #selfie #selfies #me #love #pretty #instagood… http://t.co/9u4O2uz44Z"
"268",0,"RT @figmus: Tuff Tony vs The Gorillaz #thegorillaz #music #funny #comedy #car #travel #damonalbarn #ukhumour #humor #uk... https://t.co/KOp…"
"269",1,"Rwandan peacekeepers congratulated for efforts in #CAR  http://t.co/XilvU0NP6x  #Kagame"
"270",-2,"#dogging,#gangbang,#horny,#stockings,#sluts,#sexual,#car sex: Skinny Slut Fists Her Pussy And Takes Facial http://t.co/v7Gg46rgh7 #Teen"
"271",3,"RT @RBInstructor: #drivingtest #passed #cannock #lichfield #burntwood #rugeley #licence #veryhappy #car #proud #happy #celebrate #b... http…"
"272",-1,"#Car #Garmin More help to be given to Norfolk GPs to spot domestic abuse http://t.co/esotPt30sP #Auto"
"273",1,"#dogging,#gangbang,#horny,#stockings,#sluts,#sexual,#car sex: Two Hot #Asian Chick Share A Huge Cock http://t.co/u8pU0w7048"
"274",0,"BMW : 3-Series 328i Black 2000 BMW 328i 4-Door 2.8L I6 Manual 5 Speed E46 Leather Heated Seats Sun http://t.co/Khlpia80r1 #car #usedcar..."
"275",0,"Cadillac : Other LIMO 2013 cadillac xts livery sedan black leather florida 1 owner 29900 http://t.co/Snbp6BMXNZ #car #usedcars #carsale"
"276",3,"#drivingtest #passed #cannock #lichfield #burntwood #rugeley #licence #veryhappy #car #proud #happy #celebrate #b... http://t.co/8UtyDoaKId"
"277",-2,"#morning #car #after #night #bad #day #and #night #breakfeast #ride #music #tell #me #rain #cold http://t.co/mArwxhwBWs"
"278",0,"Missouri next state to attempt Tesla direct-sales ban http://t.co/oWfsYcyoJl #car #news"
"279",0,"#dogging,#gangbang,#horny,#stockings,#sluts,#sexual,#car sex: Hot Latina Fucked Hard And Got A Facail http://t.co/EK1X6oI33A #Blowjob"
"280",-1,"#US #Electronic #Car #8: Philips USA PH-62050 CD/MP3/MD-To-Cassette Adapter (Discontinued by… http://t.co/F9QKirtGy4"
"281",2,"RT @0fficialAshley_: New car time!! :D #car #Newportbeach #present #love  so excited! With @thorwantsmore"
"282",0,"RT @localmotors: Just hit 100 entries in the #3Dprinted #Car #Design challenge. See some of the #designs, or submit your own: http://t.co/c…"
"283",-2,"#dogging,#gangbang,#horny,#stockings,#sluts,#sexual,#car sex: Perverted Bitch OZOMI HAZUKI Is Going... http://t.co/rlWvo71CA8 #Hairy"
"284",-1,"RT @bouckap: Satellite Images Reveal Systematic Destruction of Muslim Neighborhoods in #CAR http://t.co/0CsMkZXUsg @hrw #CARcrisis"
"285",0,"RT @HINofficial: HIN Rated Weekend | #hinnation #hinmagz #hotimportnights #hinmagazine #hin2014 #feature #car #automotive #hinride... http:…"
"286",0,"RT @azadessa: The war across the River | Refugee stories from the #CAR-#DRC border http://t.co/AxUiuXdrxC @Refugees"
"287",0,"How to maintain your car... http://t.co/lwdgE16bqO #car #advice #blog"
"288",0,"#ytrd #car #japan Suzuki Carry truck KC just only $790 http://t.co/KvOlGweEZb"
"289",1,"Here's a better idle clip of the #car. I'm so excited to get to have her back and perked up!… http://t.co/WgPkYk89Ip"
"290",0,"#dogging,#gangbang,#horny,#stockings,#sluts,#sexual,#car sex: Chuck #Creampie http://t.co/a00W2bbCsr"
"291",2,"#mydream #audi #Black #beatiful #like #car #fast #instadaily #instagramer #instabest #instagramhub… http://t.co/kSlIaYvdi7"
"292",0,"NEW VETTE TINT UP FOR SUMMMER #SUMMER #TINT #NOHEAT #DARKSIDE #SUNBLOCK #BEACH #CAR #CARAUDIO http://t.co/E5XRa8GtzC"
"293",3,"#bmw #528i #like #love #instagood #car #nice #iphone #morning http://t.co/EXEwPH27WL"
"294",1,"One would expect #ironman to have a better #car, no?) #miami #car #funny #carporn #fun #auto #buick #nooffense #авто http://t.co/LyKxN5rvzM"
"295",-2,"#dogging,#gangbang,#horny,#stockings,#sluts,#sexual,#car sex: Naughty Bitch Yani Gets Her Pussy... http://t.co/7ACd9C2HJr #Russian"
"296",1,"RT @LucyYapKL: Pastor Han Nee conducted a prayer for #car #blessing at Kechara House this morning.

#tsemrinpoche.com

 http://t.co/cucY3u0…"
"297",0,"#cars #car #ride #drive #Bmw #M3 #driver #sportscar #vehicle #vehicles #street #road #freeway #highway… http://t.co/nPgDaJXpYM"
"298",1,"RT @geoffreyyork: MSF is halting all non-emergency work for a week in 4 countries (CAR, Cameroon, Chad, DRC) after 3 of its aid workers wer…"
"299",1,"Ford : F-100 None 1957 ford f 100 390 big block hot rod http://t.co/3R5XW1zU0D #car #usedcars #carsale"
"300",0,"Plymouth : Satellite Base 1966 plymouth satellite base 5.2 l http://t.co/CvPheE6faD #car #usedcars #carsale"
"301",0,"GMC : Sierra 2500 HD 4x4 ONLY  40350 miles! ONE OWNER! WARRANTY!NEW TIRES ! 2500 HD  4x4 ! SERVICED! 00 http://t.co/851kUO5KXT #car #us..."
"302",0,"#dogging,#gangbang,#horny,#stockings,#sluts,#sexual,#car sex: Lustful Boss Veronica Rayne Seduces... http://t.co/ehgBkaQ22i #OfficeSex"
"303",0,"start your engines! #Porsche #gt3 @ the #melbourne #f1 #2014 #Australia #car #cars #ride #drive… http://t.co/zZl5zxkPfO"
"304",1,"Buying a Car? Look at the Benefits of Leasing! http://t.co/VsQBxaWj76 #car #sales #training #motortrade"
"305",0,"RT @SRKaish: This &lt;3 @shahidkapoor #Rain #Car @geneliad ♥ http://t.co/LOBwne9Gwm"
"306",0,"What Ever Your #Car May Be We Can #Service or #Mot it #Silverstone #Towcester 01327 860801 http://t.co/deQaKgxWNv"
"307",0,"RT @azadessa: The war across the River | Refugee stories from the #CAR-#DRC border http://t.co/AxUiuXdrxC @Refugees"
"308",1,"This is the best  #ideas #fun #chill #jeep #view #car http://t.co/so7jJsfMUJ"
"309",2,"RT @PorschePix: #Is #this #the #Porsche #Carrera #GT #Heaven ?!  #Beautiful #Cars ! #Car #CarPorn #PorschePix http://t.co/dGzgZ4B7v0"
"310",0,"“@theretronaut: 1961: #Ford #Gyron #Concept #Car (http://t.co/7vdTIDe1rW) http://t.co/W1yNASN1UI” - it's a space-age Reliant Robin!"
"311",0,"RT @SRKaish: This &lt;3 @shahidkapoor #Rain #Car @geneliad ♥ http://t.co/LOBwne9Gwm"
"312",0,"RT @SRKaish: This &lt;3 @shahidkapoor #Rain #Car @geneliad ♥ http://t.co/LOBwne9Gwm"
"313",0,"#BMW #LuxuryCars #Cars Alex Zanardi, a race driver with prosthetic legs. - BMW #Motors #Car #LuxuryCar http://t.co/xRH2kiEkTr"
"314",0,"#Nature #rain #car #audio #fantasy #Filming and #editing #Jassim #Msahri  http://t.co/4qOB8bS2mR"
"315",0,"HIN Rated Weekend | #hinnation #hinmagz #hotimportnights #hinmagazine #hin2014 #feature #car #automotive #hinride... http://t.co/Y9ucSVYCZ8"
"316",-1,"#car #toyota #magadan #spring #hung #above ground http://t.co/bau0GLIemi"
"317",0,"#dogging,#gangbang,#horny,#stockings,#sluts,#sexual,#car sex: Dalila Candlelight Facial http://t.co/9lMAxlIggF #Cumshot"
"318",0,"RT @SRKaish: This &lt;3 @shahidkapoor #Rain #Car @geneliad ♥ http://t.co/LOBwne9Gwm"
"319",-1,"""At least 28 killed in #fighting in #CentralAfricanRepublic - Reuters #Africa http://t.co/74qRNvvl0H""#CAR"
"320",-1,"RT @shithappen2juan: For sale
Hummer H2 silver and black
#forsale #hummer #h2 #cars #car #newcar #cbuimportir #sag… http://t.co/FtzjQers39"
"321",1,"RT @DuranMotorSport: Get financing on our next #luxury #used #car from our Hollywood FL location today! http://t.co/K91PAKsAon"
"322",0,"At http://t.co/ajULrkWWA0 -- #sport #car #barca"
"323",0,"It #also #resembles a #car 

✺ http://t.co/yZDEdJ2GJr ❅

tire. Ogdon 

✹ follow @MonsterMMORPG ☪
 #pathways"
"324",0,"(Have some wallpaper. http://t.co/lXBlWwwZdv #car #news"
"325",2,"At http://t.co/OsrUrcJLNe -- #Tesla #motors #driver #miami #macy's #classy #best #electric #car #eco #sport #sa... http://t.co/wHdykHUreP"
"326",1,"#VW #car #jadoel #kuno #classic #superman #heroes #today #holiday http://t.co/NmPGGt3hLS"
"327",0,"#Car Show- Mother Lode Cruise, Sat May 17, 10-3 Main St #Jackson. Over 125 #ClassicCars! Info 209-223-1263"
"328",0,"#coc #car http://t.co/LOU6pA4gea"
"329",2,"#Is #this #the #Porsche #Carrera #GT #Heaven ?!  #Beautiful #Cars ! #Car #CarPorn #PorschePix http://t.co/dGzgZ4B7v0"
"330",0,"Dodge : Charger R/T 2011 dodge charger mopar 11 711 of 1000 made 391 gears track pack http://t.co/9RJ9LVelZF #car #usedcars #carsale"
"331",0,"Pontiac : GTO Base Coupe 2-Door 2004 pontiac gto low mileage http://t.co/uDJiR3uplI #car #usedcars #carsale"
"332",0,"Dodge : Durango R/T Sport Utility 4-Door 2003 dodge durango r t sport utility 4 door 5.9 l http://t.co/uNN2460y2z #car #usedcars #carsale"
"333",1,"Ford : Mustang GT Fastback 1968 ford mustang fastback shelby restormod for sale a great project car http://t.co/LLu9BJrVqQ #car #usedca..."
"334",0,"BMW : 3-Series Base Coupe 2-Door 2008 bmw 335 i base coupe 2 door 3.0 l http://t.co/YSgYF13Tpk #car #usedcars #carsale"
"335",0,"Buick : LeSabre standard 2003 buick lesabre limited beautiful car garage kept new tires brakes no res http://t.co/oER7u5jN5p #car #used..."
"336",0,"Dodge : Dart Swinger 1970 dodge dart swinger 383 727 http://t.co/jriI1VKhpP #car #usedcars #carsale"
"337",0,"#dogging,#gangbang,#horny,#stockings,#sluts,#sexual,#car sex: Groaning Blondie Teena Lipoldino Wears Pink... http://t.co/rycX5FCIU0"
"338",-1,"For sale
Hummer H2 silver and black
#forsale #hummer #h2 #cars #car #newcar #cbuimportir #sag… http://t.co/FtzjQers39"
"339",0,"#Opportunity: #Uber Now Offers Child #Car #Seats For Passengers With Kids In #NYC For A $10 Surcharge..."
"340",1,"#cute #mydarlingcap #cap #ancle #car #eyescolor http://t.co/SHgQePfDzS"
"341",1,"#dogging,#gangbang,#horny,#stockings,#sluts,#sexual,#car sex: Mature Amateur Gets Panty Fucked Then... http://t.co/6xgHc3gO1b #Upskirts"
"342",1,"Audi A1 Black Sports Car wallpapers Free Download
http://t.co/27YyWsuE8Q
#Audi #A1 #Black #Sports #Car #wallpapers #FreeDownload"
"343",0,"#dogging,#gangbang,#horny,#stockings,#sluts,#sexual,#car sex: Mature.NL - Betina (51) http://t.co/PWjWlbZwgi #Hairy"
"344",1,"These are how our #car #rides go  #mama #chloe #name #giggle #laugh #socute #mother #daughter #fun… http://t.co/uo7Khf3US0"
"345",0,"Geneva Motor Show 2014 Preview http://t.co/BnYySuh80C #car #facts #blog"
"346",0,"#dogging,#gangbang,#horny,#stockings,#sluts,#sexual,#car sex: Steamy Red-haired Babe Jessica Robbin... http://t.co/lQKXvebhan #BigTits"
"347",0,"RT @Ignitiondigital: Hey #Car Lovers, check out @GreyEagleResort's Collector Auction tomorrow &amp; Saturday at their Event Centre! http://t.co…"
"348",0,"RT @RapidBoostAuto: There are approximately 3,600 new car dealers in Canada and just over 13,000 in total. #dealerships #car #carpeople"
"349",1,"You can know or not know how a car runs and still enjoy...  #car #davidbyrne http://t.co/UoREwiyHnm"
"350",1,"#lovely #photography #art #Volkswagen #car #bug #blue #cute #house #family http://t.co/An2B2fd1YQ"
"351",0,"Hmmmmm...a sign of things to come? #Volkswagen #Car http://t.co/EswWlQayGA"
"352",0,"Used #Car for sale : 1995 Mustang GT http://t.co/9ZL2okbXdT"
"353",0,"#Amazon USA : 11pc Safari Car Mats Seat Steering Wheel Cover Set  for $38.90 http://t.co/ZEfQHuGlBy  #Car"
"354",1,"#Vintage #Car #Collection by Metzli http://t.co/oUp0wOCtcY #Etsy Check it out. Cool #cars and Vintage things to #decorate your #home #Loveit"
"355",0,"Mercedes-Benz : S-Class Rare Nautical Blue (medium) exterior, Gray Leather 1987 560 sel http://t.co/wVmEhxBFJH #car #usedcars #carsale"
"356",0,"GMC : Jimmy Sport Utility 1997 gmc jimmy 4 doors http://t.co/YldeiLacCU #car #usedcars #carsale"
"357",0,"Pontiac : Firebird Trans Am Coupe 2-Door 1979 pontiac firebird trans am coupe 2 door 6.6 l http://t.co/VggshpuOjw #car #usedcars #carsale"
"358",0,"#SuperCarsTR #car #tuning #speed #supercars http://t.co/qGUDh1kgdn"
"359",1,"NEW Armor All #Rebate | Wash &amp; Protect just $3.47 at #Walmart http://t.co/myZoMXI6iL #rebates #armorall #automotive #car #truck"
"360",1,"RT @Pandora_loveS_u: Night shot #Subaruwrx #stancenation #low #fitment #flush #hawkeye #JDM #boost #ass #voltex #impreza #car http://t.co/s…"
"361",0,"Jeep pre plasti-dip! #plastidip #wheels #jeep #krank #krankitup #car #audio #caraudio #krankthat http://t.co/BSlF4M8LlM"
"362",0,"Jeep post plasti-dip! #plastidip #wheels #jeep #krank #krankitup #car #audio #caraudio #krankthat http://t.co/FbcMbgV87Y"
"363",-1,"#dogging,#gangbang,#horny,#stockings,#sluts,#sexual,#car sex: Dildo Footjob And Hard Penetration http://t.co/emBm9WQKP5 #Lesbian"
"364",0,"What a #car  http://t.co/VgsWa24KEO http://t.co/DIWQUPPArJ"
"365",0,"How low can you do?
☆☆☆☆☆☆☆☆☆☆☆☆☆☆☆☆☆☆☆☆
#bmw #z3 #z4 #mtech #mpower #car #cars #instagood… http://t.co/92H5moUQiu"
"366",-1,"#dogging,#gangbang,#horny,#stockings,#sluts,#sexual,#car sex: Big Uncut Euro Pig Fuckers http://t.co/cEoXxkI0nf #Gay"
"367",4,"#me #fun #love #lays #music #car #cold
May 09, 2014 at 10:30AM... http://t.co/YQveIGXcSe ooorkr, justshot, music, love, like, ooo-rkr.r..."
"368",1,"Drivers these days...#dog #animal #driving #car #ItsMondayButHey #Thanksgiving #sweet #letskeepitreal  https://t.co/MKwOBXRbQb"
"369",0,"#dogging,#gangbang,#horny,#stockings,#sluts,#sexual,#car sex: Striptease Girls At Change Room http://t.co/p62ABGOctz #Japanese"
"370",0,"Simple tablet install. #proclip #samsung #galaxy #tablet #krank #krankitup #car #audio #caraudio… http://t.co/tAqGDiWGHT"
"371",0,"Simple tablet install. #proclip #samsung #galaxy #tablet #krank #krankitup #car #audio #caraudio… http://t.co/daa8iCYIBT"
"372",4,"#me #fun #love #lays #music #car #cold
May 09, 2014 at 10:30AM... http://t.co/TGqxBOqHz7 ooorkr, justshot, music, love, like, ooo-rkr.r..."
"373",1,"My collection !!! Nissan Skyline GTR and Cadillac Escalade #hotweel #hobby #collection #car #sporty http://t.co/hoUxh0sgUS"
"374",-1,"Impact of Driver's Negligence on #Car #Accident Claim  http://t.co/UUrUmRDy8D"
"375",0,"#hinnation #hinmagz #hotimportnights #hinmagazine #hin2014 #feature #car #automotive #hinrides #hinsociety #hinra... http://t.co/qCz7gODdHk"
"376",0,"Hey you! #hinnation #hinmagz #hotimportnights #hinmagazine #hin2014 #feature #car #automotive #hinrides #hinsocie... http://t.co/f9eE1935Xe"
"377",0,"Padang Automotive Night Party | #hinnation #hinmagz #hotimportnights #hinmagazine #hin2014 #feature #car #automot... http://t.co/iWkvqGBYwY"
"378",0,"Kia : Rio Base Sedan 4-Door 2002 kia rio for parts or repair http://t.co/Zl5xcYOFpo #car #usedcars #carsale"
"379",0,"Ford : Focus ZX4 Sedan 4-Door 2005 ford focus se zx 4 no reserve http://t.co/6y3donGE89 #car #usedcars #carsale"
"380",0,"Chevrolet : Camaro LT 1976 chevrolet camaro lt sport coupe 2 door 5.7 l http://t.co/5gQvQ6w8wR #car #usedcars #carsale"
"381",0,"Land Rover : Other 88"" 1971 land rover series iia 88 lhd http://t.co/OA5ZORkuUg #car #usedcars #carsale"
"382",0,"Pontiac : Fiero coupe 1986 1987 pontiac fiero gt 2 for the price of 1 http://t.co/SXdvIXnTxJ #car #usedcars #carsale"
"383",1,"Nissan : GT-R Black Edition Coupe 2-Door BEAUTIFUL BRAND NEW CONDITION PAMPERED WITH HKS EXHAUST http://t.co/TuoPEJknGM #car #usedcars ..."
"384",0,"Chevrolet : Camaro RS/SS 1970 chevrolet camaro base hardtop 2 door 5.7 l http://t.co/07huvHLDZQ #car #usedcars #carsale"
"385",0,"Chevrolet : Corvette Base Convertible 2-Door 1958 chevrolet corvette base convertible 2 door 4.6 l http://t.co/A5AmrXGHSQ #car #usedcar..."
"386",0,"Plymouth : Road Runner Base 1971 plymouth roadrunner mopar http://t.co/oq24mSqgPP #car #usedcars #carsale"
"387",0,"#dogging,#gangbang,#horny,#stockings,#sluts,#sexual,#car sex: Jake Bass And Justin Lebeau - Ph http://t.co/l6jMWKwpRj #Gay"
"388",1,"Art photography #Artphotography #Image #Instaimage #Photoshoot #Beautiful #Beautyshoot ##Car… http://t.co/9esH7WBrbf"
"389",4,"#me #fun #love #lays #music #car #cold
May 09, 2014 at 10:30AM... http://t.co/PpgEz0pVXc ooorkr, justshot, music, love, like, ooo-rkr.r..."
"390",0,"My dreamcar, hopefully will get one one day #Toyota #supra #dreamcar #car #dream #future #wishlist http://t.co/UZC3r5yI2z"
"391",1,"RT @ALEJOGAVILANES: Photo: Yesterday’s Look #Descomplicado #FotoRus #gold #car #zara #forever21 #TH #picofday #tatto http://t.co/D4XUVVq6pu"
"392",2,"Take me somewhere. ☀️
#dog #car #lol #cute #smile http://t.co/JS9vyCi2Sj"
"393",0,"There are approximately 3,600 new car dealers in Canada and just over 13,000 in total. #dealerships #car #carpeople"
"394",0,"#Toys #Car http://t.co/HxkMbB2Tfu"
"395",0,"#sole #alba #mattino #6.00am #retrovisore #macchina #auto #car #sun #morning http://t.co/3a3XV2yIOw"
"396",0,"Used #Car for sale : 2006 PT Cruiser http://t.co/UIDgCuwVQc"
"397",1,"At http://t.co/OsrUrcJLNe -- Can't wait for the moment I'll get my new car!!! :D #excited #new #car #fiat #131b... http://t.co/782DxqOMet"
"398",0," cruising Through CA! Singing. Car Karaoke #singing #car #california #singit https://t.co/otXISVy2Ef"
"399",2,"Can't wait for the moment I'll get my new car!!! :D #excited #new #car #fiat #131bhp #sporty http://t.co/Z8HHPxDao3"
"400",0,"PluggedSolar Launches Its Solar Power Plug-in Kits to Power Electric...: Electric Vehicle Chevy... http://t.co/vIe2BlCCEo #Cars #Car #Auto"
"401",0,"Video: McLaren P1 In Action At Spa Francorchamps http://t.co/Vtg5CCJt0p #car #news"
"402",1,"Photo: Yesterday’s Look #Descomplicado #FotoRus #gold #car #zara #forever21 #TH #picofday #tatto http://t.co/D4XUVVq6pu"
"403",1,"Yesterday's Look #Descomplicado #FotoRus #gold #car #zara #forever21 #TH #picofday #tatto http://t.co/agvqTGEUE8"
"404",0,"#dogging,#gangbang,#horny,#stockings,#sluts,#sexual,#car sex: Body Paint Festival Key West Part 2 http://t.co/mF0XHTA5AX #Teen"
"405",0,"Mercedes-Benz : 500-Series 560 SL 1986 mercedes benz 560 sl with 70 k 1 owner time capsule http://t.co/p5RgoGfZxN #car #usedcars #carsale"
"406",0,"Jeep : Wrangler Sport Utility 2-Door 1992 jeep wrangler 4.0 l 4 wd jurassic park 18 http://t.co/DSqCUUK3Zc #car #usedcars #carsale"
"407",1,"Chevrolet : Corvette t-tops 1979 corvette 350 automatic t tops make offer http://t.co/o2Sz9d68t1 #car #usedcars #carsale"
"408",0,"Ford : Mustang GT 1990 mustang gt supercharged http://t.co/ljj5yNVI13 #car #usedcars #carsale"
"409",0,"Lincoln : Navigator Base Sport Utility 4-Door 2000 lincoln navigator base sport utility 4 door 5.4 l http://t.co/YNwriiu1sP #car #usedc..."
"410",0,"Ford : Mustang LX Coupe SSP,5.0,Black,used,notchback,coupe,LX,black interior http://t.co/GfkFldLhkG #car #usedcars #carsale"
"411",2,"Dodge : Ram 1500 Laramie SLT 1997 ram laramie slt 2 x 4 155 k miles looks good runs great http://t.co/G3iXJvYY4u #car #usedcars #carsale"
"412",0,"Ford : F-150 XLT Extended Cab Pickup 2-Door 1993 ford f 150 xlt extended cab pickup 2 door 5.0 l http://t.co/YYYsEHhPbh #car #usedcars ..."
"413",0,"#Amazon USA : K&amp;N KN-138 Powersports High Performance Oil Filter by K&amp;N http://t.co/pt6HvxkNgz  #Car"
"414",0,"One more week till school is over then Ill have to start busting my ass #Money #Car"
"415",0,"Dude is seriously not wanting his car flogged. #SunshineCoast #InstaHub #Car http://t.co/YKd60bUpUv"
"416",0,"Covering his face when he sleep. This #car is #epic http://t.co/3q6uHMzew6"
"417",1,"#dogging,#gangbang,#horny,#stockings,#sluts,#sexual,#car sex: We Love Sucking Each Other In Fishnets http://t.co/KSR1mhdsjF #BDSM"
"418",2,"RT @Josemartin271 Cool Cars For Girls images today: A few nice cars for girls images I found:  The ... http://t.co/AzeSsAiBho #car #girl"
"419",2,"RT @Josemartin271 Cool Cars For Girls images today: A few nice cars for girls images I found:  The ... http://t.co/rovbgfGRBm #car #girl"
"420",2,"RT @Josemartin271 Cool Cars For Girls images today: A few nice cars for girls images I found:  The ... http://t.co/rYoE9MplXj #car #girl"
"421",2,"RT @Josemartin271 Cool Cars For Girls images today: A few nice cars for girls images I found:  The ... http://t.co/Ha8UMbjqkg #car #girl"
"422",2,"Cool Cars For Girls images today: A few nice cars for girls images I found:  The girls (193... http://t.co/mg1jmD5uNH #car #girl #photos"
"423",-1,"Almost #Accidents! Puuuuuuu..... ADD ON TIPS: How to deal with reckless drivers http://t.co/Na26vpu01i #car #accident #driver #insurance"
"424",1,"Pastor Han Nee conducted a prayer for #car #blessing at Kechara House this morning.

#tsemrinpoche.com

 http://t.co/cucY3u0DYC"
"425",1,"Night shot #Subaruwrx #stancenation #low #fitment #flush #hawkeye #JDM #boost #ass #voltex #impreza #car http://t.co/sCFO9FytET"
"426",0,"#dogging,#gangbang,#horny,#stockings,#sluts,#sexual,#car sex: Mouth-watering MILF Shayla LaVeaux Gives... http://t.co/72YFFn4h2d #Milfs"
"427",-2,"#FF @bouckap @marcusbleasdale 'Damn us if we don't lift a finger for #CAR' Reporting from hell"
"428",2," #my #car #honda #fit #hondafit #low #love #like #capitulo #night #hondalover #instapic @ Capitulo I http://t.co/7dLkP0Ar8v"
"429",-1,"#dogging,#gangbang,#horny,#stockings,#sluts,#sexual,#car sex: Big Breasted Old Mama Sucking A Hard Cock http://t.co/wPdtcUnpcX #OldYoung"
"430",1,"Boreed in the car #car #bobmarley #music #me #nowomannocry #beautiful #song http://t.co/QFeIVcFCWR"
"431",0,"#lamborghini #car #sport #beautifulcar #automotive #rims #instagood #f4f #like4like #photooftheday… http://t.co/TtG5BavCIz"
"432",1,"#bentley #car #luxury http://t.co/HgTMsPpabm"
"433",0,"RT @theretronaut: 1961: #Ford #Gyron #Concept #Car (http://t.co/FRVE8f9eZG) http://t.co/Tre07s0hHL #fb"
"434",1,"GMC : Other PICKUP 1972 gmc 2500 super custom http://t.co/Bvipl5KbfF #car #usedcars #carsale"
"435",0,"BMW : 3-Series 328i Black 2000 BMW 328i 4-Door 2.8L I6 Manual 5 Speed E46 Leather Heated Seats Sun http://t.co/Khlpia80r1 #car #usedcar..."
"436",1,"Chevrolet : Venture LS 2001 chevrolet venture ls mini passenger van 4 door 3.4 l good runner http://t.co/2bJSZ1wxR2 #car #usedcars #carsale"
"437",0,"Ford : E-Series Van School bus FORD F350 ex School BUS http://t.co/mqC3WUfIN4 #car #usedcars #carsale"
"438",1,"Bentley : Mulsanne S Sedan 4-Door Bentley 1991 Mulsanne S, performance luxury saloon http://t.co/YirJnbPdyl #car #usedcars #carsale"
"439",0,"Mitsubishi : Montero Base Sport Utility 2-Door 1989 mitsubishi montero base sport utility 2 door 2.6 l swb http://t.co/bC473BsgQt #car ..."
"440",0,"Mercury : Other Deluxe 1939 mercury 2 dr sedan http://t.co/g0iBdck8sf #car #usedcars #carsale"
"441",0,"#dogging,#gangbang,#horny,#stockings,#sluts,#sexual,#car sex: Horny Grannies, Grand-daughters And... http://t.co/gF6dRfqenj #Swingers"
"442",0,"Is Eating Inside Your #Car a No-no? http://t.co/PH0qgdTnqP #Car"
"443",0,"@frederick_aaron  you still down for Saturday?  #car #youngmulabaybay"
"444",-1,"RT @WFP: The hungry come early to a @WFP distribution in #Bouar, #CAR, where people, displaced or not, need food.http://t.co/3s7ZKIJib2 via…"
"445",-1,"#dogging,#gangbang,#horny,#stockings,#sluts,#sexual,#car sex: Insatiable Daddy Pounds Oversized... http://t.co/OgREXvVw8o #Voyeur"
"446",-1,"Oh my God #180SX  if you don't need this then give me #car #carporn  #japan #junkyard http://t.co/V9XIBU6vE4"
"447",0,"RT @A_Milton17: #prom2k14 

#Car☑️ #Tux☑️ #Tickets....."
"448",1,"Oh my god I can't handle this. #school #work #money #car #life"
"449",0,"#dogging,#gangbang,#horny,#stockings,#sluts,#sexual,#car sex: Fresh Faced Brunette #Teen Gives Mouth Fuck To... http://t.co/Jn2pWg8D0I"
"450",0,"http://t.co/7BZmfEFO4c: I'm feeling this VW on @vossen rims. #vossen #rims #vw #volkswagen #car #carporn #auto #... http://t.co/3y93VQIWNc"
"451",0,"I’m feeling this VW on @vossen rims. #vossen #rims #vw #volkswagen #car #carporn #auto #blue #nikon #d700 #pdx… http://t.co/RdInWg584z"
"452",0,"#dogging,#gangbang,#horny,#stockings,#sluts,#sexual,#car sex: Loni Sanders Skip Ballet For Blowjob http://t.co/MVMvsOEA7a #Vintage"
"453",0,"U &amp; I tomorrow ! #honda #fit #car @Honda http://t.co/6ZrtQcopFp"
"454",1,"#FeelItalian? You could #WIN a 1yr lease on an #ITALIAN #CAR from Bolla wines! http://t.co/rybGrWdMsE #sweepstakes"
"455",-1,"RT @nicoleewayne: Colorado USA Pueblo » http://t.co/IRAErUvGEc 382 TSLA Tumbles – 5 Reasons to NOT Buy Tesla Stock on the Dip TSLA nicoleew…"
"456",1,"Ford : F-100 None 1957 ford f 100 390 big block hot rod http://t.co/3R5XW1zU0D #car #usedcars #carsale"
"457",0,"Studebaker : Hawk GT 2 door hardtop http://t.co/lQWDaRFJrm #car #usedcars #carsale"
"458",0,"Suzuki : SX4 Sport Sedan 4-Door Suzuki SX4 4DSD SEIZED ENGINE READ DESCRIPTION http://t.co/OhOlidqrek #car #usedcars #carsale"
"459",0,"Chevrolet : Other Town Coupe 1975 chevy monza town coupe 5.7 l 350 ci v 8 very rare http://t.co/4LQ0rzDutn #car #usedcars #carsale"
"460",0,"Acura : MDX Navigation 2002 acura mdx touring sport utility 4 door 3.5 l http://t.co/ZinmHC99zV #car #usedcars #carsale"
"461",0,"Jeep : CJ Laredo 81 jeep cj 7 http://t.co/9rIDUb9VdR #car #usedcars #carsale"
"462",0,"Ford : Fairlane 500 1969 ford fairlane 500 http://t.co/E5BZyixna2 #car #usedcars #carsale"
"463",-1,"Pontiac : Firebird std 1969 firebird pro street drag car muscle car http://t.co/llhN3RSmjW #car #usedcars #carsale"
"464",0,"Ford : Mustang SVT Cobra Convertible 2-Door 2004 ford mustang svt cobra convertible 2 door 4.6 l http://t.co/RCbcGSFZwN #car #usedcars ..."
"465",0,"#dogging,#gangbang,#horny,#stockings,#sluts,#sexual,#car sex: Classic #Anal Slut http://t.co/cEfRyiq8NW"
"466",0,"I want to put this on the dash of my #car and roll down the windows and see the #cape fly in the wind.… http://t.co/JB4lCREvzv"
"467",-1,"Woman badly injured after a collision between a train and a car in Langley - News1130: News1130Woma... http://t.co/yDzk8KaThZ #car #news"
"468",0,"Matt Williams rear-ended in car accident during radio interview (updated) - Washington Post (blog):... http://t.co/4qaeBD5GoC #car #news"
"469",-2,"No Escape: California Family Sues BMW After Teen Dies in Locked Car - http://t.co/xDxLVlkYrc: Fresno... http://t.co/S9DCLCS0ya #car #news"
"470",0,"Is The Flying Car Finally Here? - Gizmodo: Is The Flying Car Finally Here?GizmodoWe've been waiting... http://t.co/xQMtatDDrM #car #news"
"471",1,"#dogging,#gangbang,#horny,#stockings,#sluts,#sexual,#car sex: Fantastic Busty Blonde Lea Falcon... http://t.co/sH8vgSvHL8 #Upskirts"
"472",0,"#NFLDraft panthers pick on benjamin was a steal!  Love the unknown raw talent that the Panthers focus on in the draft. #KeepPounding #CAR"
"473",2,"All my parts came today ^.^ #happy #classic #car #mustang #66 #289 #hardwork http://t.co/MxNKHNQyYO"
"474",1,"At http://t.co/KuF1hYD7nw -- I love my industry. #car #audi #stanford #stanfordrevs http://t.co/iOyMhfgvzb"
"475",0,"Looking back. #tulsa #drive #downtown #citylights #car #mirror #reflection #lights http://t.co/Mmvq7V9y1o"
"476",0,"#dogging,#gangbang,#horny,#stockings,#sluts,#sexual,#car sex: Luscious Chihiro Misaki Gives Double... http://t.co/Yruvi53lsb #Japanese"
"477",0,"She was getting dirty  #clean #car #detailing #vw #vwcc #passatcc #volkswagen #vdub #vwnation http://t.co/vSJbBB4XkM"
"478",0,"A #special #THANX to W-27 for giving over his #car in order to #save the #child in #Williamsburg. http://t.co/FXt8SBwS9i"
"479",0,"#mclaren #mclaren650 #650s #supercars #p1 #blacklist #supercar #exotic #car #dupontregistry #cars http://t.co/VegDacYk7P"
"480",0,"#mclaren #mclaren650 #650s #supercars #p1 #blacklist #supercar #exotic #car #dupontregistry #cars… http://t.co/7y5zuIWz8G"
"481",2,"RT @HillairetJuan: Haciendo drift !  #Baby #Drift #Brother #Fast #Car #Km #Beautiful http://t.co/IzpXkkZRAP"
"482",-1,"RT @nicoleewayne: Colorado USA Pueblo » http://t.co/IRAErUvGEc 382 TSLA Tumbles – 5 Reasons to NOT Buy Tesla Stock on the Dip TSLA nicoleew…"
"483",-1,"RT @nicoleewayne: Colorado USA Pueblo » http://t.co/IRAErUvGEc 382 TSLA Tumbles – 5 Reasons to NOT Buy Tesla Stock on the Dip TSLA nicoleew…"
"484",-1,"RT @nicoleewayne: Colorado USA Pueblo » http://t.co/IRAErUvGEc 382 TSLA Tumbles – 5 Reasons to NOT Buy Tesla Stock on the Dip TSLA nicoleew…"
"485",-1,"Colorado USA Pueblo » 382 TSLA Tumbles – 5 Reasons to NOT Buy Tesla Stock on the Dip TSLA nicoleewayne #credit #car… http://t.co/UgFNbb9bC3"
"486",-1,"Colorado USA Pueblo » 382 TSLA Tumbles – 5 Reasons to NOT Buy Tesla Stock on the Dip TSLA nicoleewayne #credit #car… http://t.co/S7VHeCi7Nd"
"487",-1,"RT @nicoleewayne: Colorado USA Pueblo » http://t.co/IRAErUvGEc 382 TSLA Tumbles – 5 Reasons to NOT Buy Tesla Stock on the Dip TSLA nicoleew…"
"488",-1,"RT @nicoleewayne: Colorado USA Pueblo » http://t.co/IRAErUvGEc 382 TSLA Tumbles – 5 Reasons to NOT Buy Tesla Stock on the Dip TSLA nicoleew…"
"489",-1,"Colorado USA Pueblo » 382 TSLA Tumbles – 5 Reasons to NOT Buy Tesla Stock on the Dip TSLA nicoleewayne #credit #car… http://t.co/PUnzY9y6mo"
"490",-1,"Colorado USA Pueblo » 382 TSLA Tumbles – 5 Reasons to NOT Buy Tesla Stock on the Dip TSLA nicoleewayne #credit #car… http://t.co/pbJMw4negw"
"491",-1,"Colorado USA Pueblo » http://t.co/IRAErUvGEc 382 TSLA Tumbles – 5 Reasons to NOT Buy Tesla Stock on the Dip TSLA nicoleewayne  #credit #car…"
"492",-1,"Do you have a dirty #car? Paige will wash it for you!  http://t.co/SRRpwiluGg"
"493",-1,"Do you have a dirty #car? Paige will wash it for you!  http://t.co/xHmAq37Gmc"
"494",-1,"#dogging,#gangbang,#horny,#stockings,#sluts,#sexual,#car sex: Threesome Retro Fucking Hot Scenes http://t.co/3BYnVpRdsR #Vintage"
"495",0,"RT @A_Milton17: #prom2k14 

#Car☑️ #Tux☑️ #Tickets....."
"496",1,"#tbt to the #babsonautoshow #babson #cool #car #truck #idontknowhatthisis http://t.co/zfGEVaE1et"
"497",1,"I forgot all about KB! That's a fantastic pick! #CAR"
"498",0,"#NFLDraft does #CAR draft wr based on #HellsKitchen competition and hope dude w/best frittatas can catch passes 2? Seriously"
"499",0,"Hell yeah, good pick #CAR"
"500",0,"You can drink the exhaust from this #hydrogen #car because it's pure water! http://t.co/MDihLrLDUr"
